jH34Jk#&;Missy Stoney;Age of Empires II: The Age of Kings;32;10;23;2016;kH34Ju#&
jH34Jk#&;Missy Stoney;Age of Mythology;40;1;21;2016;jH34Ju#&
jH34Jk#&;Missy Stoney;Age of Empires II: The Conquerors;30;2;12;2016;tH34Ju#&
jH34Jk#&;Missy Stoney;Astebreed;25;3;10;2016;eH34Ju#&
jH34Jk#&;Missy Stoney;Amnesia: The Dark Descent;32;7;6;2016;kH14Ju#&
jH34Jk#&;Missy Stoney;Age of Empires;11;3;7;2016;kH35Ju#&
jH34Jk#&;Missy Stoney;Anno 2070;67;11;27;2015;kH38Ju#&
jH34Jk#&;Missy Stoney;Alan Wake;80;12;19;2015;kH94Ju#&
jH34Jk#&;Missy Stoney;Age of Wonders: Shadow Magic;40;8;12;2015;tH34Jl#&
jH34Jk#&;Missy Stoney;Age of Wonders III;34;5;11;2015;eH34Jy#&
kH14Jt#&;Sadye Hession;Act of War: Direct Action;27;6;15;2015;kH34Ji#&
kH14Jt#&;Sadye Hession;Alien Swarm;49;4;2;2015;vH34Jz#&
kH14Jt#&;Sadye Hession;Act of War: High Treason;45;3;12;2015;kH14Jt#&
kH14Jt#&;Sadye Hession;ARMA 3;45;6;19;2015;kH35Jr#&
kH14Jt#&;Sadye Hession;Amnesia: A Machine for Pigs;26;7;29;2015;kH38Je#&
kH14Jt#&;Sadye Hession;Age of Empires II: HD Edition;38;8;27;2015;kH94Jw#&
kH14Jt#&;Sadye Hession;Age of Wonders II: The Wizard's Throne;20;4;1;2016;bH34Ju#&
kH14Jt#&;Sadye Hession;AudioSurf;23;6;2;2016;vH34Ju#&
kH14Jh#&;Kanesha Moshier;Antichamber;30;7;23;2015;jH34Jk#&
